"analysis_id","description","definition"
1,"iptw 60d","{
  ""comparatorType"": null,
  ""fitOutcomeModel"": true,
  ""getDbCohortMethodDataArgs"": {
    ""restrictToCommonPeriod"": false,
    ""removeDuplicateSubjects"": ""keep first"",
    ""maxCohortSize"": 0,
    ""excludeDrugsFromCovariates"": false,
    ""covariateSettings"": {
      ""VisitCountMediumTerm"": false,
      ""ObservationShortTerm"": false,
      ""shortTermStartDays"": -30,
      ""MeasurementRangeGroupShortTerm"": false,
      ""ConditionOccurrenceLongTerm"": false,
      ""DrugEraStartLongTerm"": false,
      ""VisitCountShortTerm"": false,
      ""Chads2Vasc"": false,
      ""ConditionGroupEraStartLongTerm"": false,
      ""ConditionEraShortTerm"": false,
      ""Dcsi"": false,
      ""DrugGroupEraLongTerm"": false,
      ""DrugGroupEraShortTerm"": false,
      ""ConditionEraStartLongTerm"": false,
      ""temporal"": false,
      ""DemographicsIndexMonth"": false,
      ""ConditionOccurrencePrimaryInpatientLongTerm"": false,
      ""ConditionEraAnyTimePrior"": false,
      ""addDescendantsToInclude"": true,
      ""ConditionGroupEraStartMediumTerm"": false,
      ""ProcedureOccurrenceLongTerm"": false,
      ""DrugExposureLongTerm"": false,
      ""DrugEraStartShortTerm"": false,
      ""DistinctIngredientCountMediumTerm"": false,
      ""DistinctMeasurementCountShortTerm"": false,
      ""MeasurementRangeGroupLongTerm"": false,
      ""ConditionGroupEraOverlapping"": false,
      ""MeasurementRangeGroupMediumTerm"": false,
      ""DrugGroupEraStartMediumTerm"": false,
      ""MeasurementAnyTimePrior"": false,
      ""MeasurementMediumTerm"": false,
      ""includedCovariateIds"": [],
      ""ConditionOccurrenceAnyTimePrior"": true,
      ""DistinctConditionCountLongTerm"": false,
      ""MeasurementValueLongTerm"": false,
      ""DrugEraShortTerm"": false,
      ""DrugGroupEraAnyTimePrior"": true,
      ""DrugEraOverlapping"": false,
      ""ConditionOccurrencePrimaryInpatientAnyTimePrior"": false,
      ""ConditionEraMediumTerm"": false,
      ""ConditionEraOverlapping"": false,
      ""ConditionEraStartShortTerm"": false,
      ""ObservationAnyTimePrior"": false,
      ""VisitConceptCountShortTerm"": false,
      ""DemographicsEthnicity"": false,
      ""DistinctIngredientCountLongTerm"": false,
      ""ConditionOccurrencePrimaryInpatientShortTerm"": false,
      ""DemographicsAgeGroup"": true,
      ""DistinctProcedureCountShortTerm"": false,
      ""DistinctObservationCountMediumTerm"": false,
      ""includedCovariateConceptIds"": [201826, 255573, 313217, 314054, 316139, 317576, 320128, 321052, 373995, 381270, 381591, 432585, 433753, 439777, 440383, 443392, 703244, 703547, 704599, 708298, 710062, 712615, 713109, 714684, 715259, 715939, 717607, 721724, 722031, 723013, 724816, 725131, 731188, 733008, 735979, 738156, 739138, 743670, 745790, 748010, 750982, 751412, 755695, 756349, 757688, 766529, 766814, 778268, 781039, 785788, 791967, 793143, 793293, 794147, 794852, 797617, 798834, 798874, 800878, 801396, 836715, 902427, 903963, 905531, 906072, 910232, 914335, 920458, 922570, 942350, 950370, 950637, 956874, 965748, 970250, 974166, 975125, 990678, 991382, 1101703, 1101898, 1102527, 1103314, 1110410, 1112807, 1114122, 1124957, 1126658, 1130585, 1133201, 1154029, 1158632, 1174888, 1178663, 1189596, 1201620, 1302398, 1305058, 1307046, 1308216, 1308842, 1309799, 1310756, 1313200, 1314002, 1314577, 1317640, 1319998, 1322081, 1322184, 1327978, 1331270, 1334456, 1338005, 1340128, 1341927, 1345858, 1346686, 1346823, 1347384, 1350310, 1351557, 1353766, 1363749, 1367500, 1370109, 1373225, 1386957, 1398039, 1502826, 1502905, 1503297, 1506270, 1510813, 1516766, 1516976, 1518254, 1525215, 1529331, 1537451, 1539403, 1544838, 1545958, 1547504, 1549686, 1550023, 1550557, 1551099, 1551860, 1559684, 1560171, 1567198, 1580747, 1583722, 1592085, 1596977, 1597756, 1797258, 2100521, 3038553, 4030875, 4032243, 4043174, 4064161, 4177164, 4182210, 4182536, 4203771, 4297365, 4343794, 19003999, 19006186, 19008012, 19010482, 19010652, 19011440, 19014878, 19016749, 19017067, 19018489, 19018517, 19018640, 19024904, 19026459, 19030353, 19032424, 19034726, 19041910, 19047423, 19049145, 19050216, 19050461, 19050832, 19051096, 19055224, 19057607, 19059796, 19063575, 19068821, 19072028, 19078219, 19080226, 19081284, 19086888, 19097821, 19100435, 19100451, 19100773, 19102109, 19122137, 19122327, 19135791, 19136066, 19136626, 35602717, 35807468, 36863691, 36878783, 40163718, 40165636, 40166035, 40170911, 40226742, 40235485, 40239216, 40241186, 42899139, 43009000, 43009001, 43009020, 43009023, 43009032, 43009042, 43009051, 43009055, 43009070, 43009071, 43009080, 43009089, 43009094, 43013884, 43531648, 43560354, 44506754, 44507700, 44785829, 45774435, 45774751, 46221581, 46271022],
      ""DrugGroupEraStartShortTerm"": false,
      ""addDescendantsToExclude"": true,
      ""DrugEraLongTerm"": false,
      ""DistinctConditionCountShortTerm"": false,
      ""ConditionGroupEraShortTerm"": false,
      ""ConditionEraStartMediumTerm"": false,
      ""VisitCountLongTerm"": false,
      ""DemographicsRace"": false,
      ""ProcedureOccurrenceAnyTimePrior"": true,
      ""DistinctObservationCountLongTerm"": false,
      ""ProcedureOccurrenceMediumTerm"": false,
      ""CharlsonIndex"": true,
      ""DemographicsPriorObservationTime"": false,
      ""MeasurementShortTerm"": false,
      ""DistinctProcedureCountMediumTerm"": false,
      ""ConditionEraLongTerm"": false,
      ""DrugGroupEraStartLongTerm"": false,
      ""DemographicsGender"": true,
      ""DeviceExposureAnyTimePrior"": false,
      ""ObservationLongTerm"": false,
      ""DemographicsIndexYearMonth"": false,
      ""ConditionOccurrenceMediumTerm"": false,
      ""longTermStartDays"": -365,
      ""DemographicsAge"": false,
      ""DrugGroupEraOverlapping"": false,
      ""DistinctMeasurementCountLongTerm"": false,
      ""MeasurementRangeGroupAnyTimePrior"": false,
      ""DistinctConditionCountMediumTerm"": false,
      ""DrugGroupEraMediumTerm"": false,
      ""ProcedureOccurrenceShortTerm"": false,
      ""ObservationMediumTerm"": false,
      ""ConditionGroupEraAnyTimePrior"": true,
      ""Chads2"": false,
      ""DrugExposureAnyTimePrior"": true,
      ""DeviceExposureLongTerm"": false,
      ""DemographicsTimeInCohort"": false,
      ""DistinctMeasurementCountMediumTerm"": false,
      ""MeasurementValueShortTerm"": false,
      ""DeviceExposureMediumTerm"": false,
      ""ConditionGroupEraStartShortTerm"": false,
      ""ConditionOccurrencePrimaryInpatientMediumTerm"": false,
      ""MeasurementLongTerm"": false,
      ""DemographicsIndexYear"": true,
      ""MeasurementValueMediumTerm"": false,
      ""DrugEraStartMediumTerm"": false,
      ""MeasurementValueAnyTimePrior"": false,
      ""DistinctObservationCountShortTerm"": false,
      ""DrugEraMediumTerm"": false,
      ""ConditionGroupEraLongTerm"": false,
      ""DrugExposureShortTerm"": false,
      ""DistinctIngredientCountShortTerm"": false,
      ""DeviceExposureShortTerm"": false,
      ""mediumTermStartDays"": -180,
      ""DemographicsPostObservationTime"": false,
      ""VisitConceptCountLongTerm"": false,
      ""VisitConceptCountMediumTerm"": false,
      ""excludedCovariateConceptIds"": [],
      ""ConditionGroupEraMediumTerm"": false,
      ""DrugExposureMediumTerm"": false,
      ""DistinctProcedureCountLongTerm"": false,
      ""DrugEraAnyTimePrior"": false,
      ""endDays"": -1,
      ""ConditionOccurrenceShortTerm"": false,
      ""attr_class"": ""covariateSettings"",
      ""attr_fun"": ""getDbDefaultCovariateData""
    },
    ""studyStartDate"": null,
    ""washoutPeriod"": 1,
    ""firstExposureOnly"": true,
    ""studyEndDate"": null,
    ""attr_class"": ""args""
  },
  ""trimByPs"": false,
  ""createStudyPopArgs"": {
    ""restrictToCommonPeriod"": false,
    ""removeDuplicateSubjects"": ""keep all"",
    ""minDaysAtRisk"": 1,
    ""addExposureDaysToStart"": false,
    ""riskWindowStart"": 1,
    ""washoutPeriod"": 0,
    ""censorAtNewRiskWindow"": true,
    ""addExposureDaysToEnd"": false,
    ""priorOutcomeLookback"": 99999,
    ""removeSubjectsWithPriorOutcome"": false,
    ""riskWindowEnd"": 60,
    ""firstExposureOnly"": false,
    ""attr_class"": ""args""
  },
  ""description"": ""iptw 60d"",
  ""trimByPsArgs"": {
    ""trimFraction"": 0.05,
    ""attr_class"": ""args""
  },
  ""targetType"": null,
  ""stratifyByPs"": true,
  ""stratifyByPsAndCovariates"": false,
  ""matchOnPsAndCovariatesArgs"": {
    ""caliper"": 0.2,
    ""caliperScale"": ""standardized logit"",
    ""maxRatio"": 1,
    ""covariateIds"": [],
    ""attr_class"": ""args""
  },
  ""trimByPsToEquipoise"": true,
  ""matchOnPs"": false,
  ""stratifyByPsAndCovariatesArgs"": {
    ""baseSelection"": ""all"",
    ""covariateIds"": [],
    ""numberOfStrata"": 5,
    ""attr_class"": ""args""
  },
  ""matchOnPsArgs"": {
    ""caliper"": 0.2,
    ""caliperScale"": ""standardized logit"",
    ""maxRatio"": 1,
    ""stratificationColumns"": [],
    ""attr_class"": ""args""
  },
  ""stratifyByPsArgs"": {
    ""baseSelection"": ""all"",
    ""numberOfStrata"": 5,
    ""stratificationColumns"": [],
    ""attr_class"": ""args""
  },
  ""matchOnPsAndCovariates"": false,
  ""analysisId"": 1,
  ""createPsArgs"": {
    ""stopOnError"": false,
    ""excludeCovariateIds"": [],
    ""prior"": {
      ""variance"": 1,
      ""useCrossValidation"": true,
      ""priorType"": ""laplace"",
      ""exclude"": 0,
      ""neighborhood"": null,
      ""forceIntercept"": false,
      ""graph"": null,
      ""attr_class"": ""cyclopsPrior""
    },
    ""errorOnHighCorrelation"": false,
    ""control"": {
      ""maxIterations"": 1000,
      ""autoSearch"": true,
      ""seed"": null,
      ""initialBound"": 2,
      ""gridSteps"": 10,
      ""threads"": 1,
      ""startingVariance"": 0.01,
      ""useKKTSwindle"": false,
      ""lowerLimit"": 0.01,
      ""cvRepetitions"": 10,
      ""noiseLevel"": ""silent"",
      ""fold"": 10,
      ""minCVData"": 100,
      ""resetCoefficients"": false,
      ""upperLimit"": 20,
      ""cvType"": ""auto"",
      ""selectorType"": ""auto"",
      ""convergenceType"": ""gradient"",
      ""tuneSwindle"": 10,
      ""maxBoundCount"": 5,
      ""tolerance"": 2e-07,
      ""algorithm"": ""ccd"",
      ""attr_class"": ""cyclopsControl""
    },
    ""includeCovariateIds"": [],
    ""maxCohortSizeForFitting"": 250000,
    ""attr_class"": ""args""
  },
  ""trimByPsToEquipoiseArgs"": {
    ""bounds"": [0.25, 0.75],
    ""attr_class"": ""args""
  },
  ""fitOutcomeModelArgs"": {
    ""excludeCovariateIds"": [],
    ""useCovariates"": false,
    ""prior"": {
      ""variance"": 1,
      ""useCrossValidation"": true,
      ""priorType"": ""laplace"",
      ""exclude"": 0,
      ""neighborhood"": null,
      ""forceIntercept"": false,
      ""graph"": null,
      ""attr_class"": ""cyclopsPrior""
    },
    ""inversePtWeighting"": true,
    ""control"": {
      ""maxIterations"": 1000,
      ""autoSearch"": true,
      ""seed"": null,
      ""initialBound"": 2,
      ""gridSteps"": 10,
      ""threads"": 1,
      ""startingVariance"": 0.01,
      ""useKKTSwindle"": false,
      ""lowerLimit"": 0.01,
      ""cvRepetitions"": 10,
      ""noiseLevel"": ""quiet"",
      ""fold"": 10,
      ""minCVData"": 100,
      ""resetCoefficients"": false,
      ""upperLimit"": 20,
      ""cvType"": ""auto"",
      ""selectorType"": ""auto"",
      ""convergenceType"": ""gradient"",
      ""tuneSwindle"": 10,
      ""maxBoundCount"": 5,
      ""tolerance"": 2e-07,
      ""algorithm"": ""ccd"",
      ""attr_class"": ""cyclopsControl""
    },
    ""modelType"": ""cox"",
    ""stratified"": true,
    ""interactionCovariateIds"": [],
    ""includeCovariateIds"": [],
    ""attr_class"": ""args""
  },
  ""createPs"": true,
  ""attr_class"": ""cmAnalysis""
}
"
2," iptw  7d","{
  ""comparatorType"": null,
  ""fitOutcomeModel"": true,
  ""getDbCohortMethodDataArgs"": {
    ""restrictToCommonPeriod"": false,
    ""removeDuplicateSubjects"": ""keep first"",
    ""maxCohortSize"": 0,
    ""excludeDrugsFromCovariates"": false,
    ""covariateSettings"": {
      ""VisitCountMediumTerm"": false,
      ""ObservationShortTerm"": false,
      ""shortTermStartDays"": -30,
      ""MeasurementRangeGroupShortTerm"": false,
      ""ConditionOccurrenceLongTerm"": false,
      ""DrugEraStartLongTerm"": false,
      ""VisitCountShortTerm"": false,
      ""Chads2Vasc"": false,
      ""ConditionGroupEraStartLongTerm"": false,
      ""ConditionEraShortTerm"": false,
      ""Dcsi"": false,
      ""DrugGroupEraLongTerm"": false,
      ""DrugGroupEraShortTerm"": false,
      ""ConditionEraStartLongTerm"": false,
      ""temporal"": false,
      ""DemographicsIndexMonth"": false,
      ""ConditionOccurrencePrimaryInpatientLongTerm"": false,
      ""ConditionEraAnyTimePrior"": false,
      ""addDescendantsToInclude"": true,
      ""ConditionGroupEraStartMediumTerm"": false,
      ""ProcedureOccurrenceLongTerm"": false,
      ""DrugExposureLongTerm"": false,
      ""DrugEraStartShortTerm"": false,
      ""DistinctIngredientCountMediumTerm"": false,
      ""DistinctMeasurementCountShortTerm"": false,
      ""MeasurementRangeGroupLongTerm"": false,
      ""ConditionGroupEraOverlapping"": false,
      ""MeasurementRangeGroupMediumTerm"": false,
      ""DrugGroupEraStartMediumTerm"": false,
      ""MeasurementAnyTimePrior"": false,
      ""MeasurementMediumTerm"": false,
      ""includedCovariateIds"": [],
      ""ConditionOccurrenceAnyTimePrior"": true,
      ""DistinctConditionCountLongTerm"": false,
      ""MeasurementValueLongTerm"": false,
      ""DrugEraShortTerm"": false,
      ""DrugGroupEraAnyTimePrior"": true,
      ""DrugEraOverlapping"": false,
      ""ConditionOccurrencePrimaryInpatientAnyTimePrior"": false,
      ""ConditionEraMediumTerm"": false,
      ""ConditionEraOverlapping"": false,
      ""ConditionEraStartShortTerm"": false,
      ""ObservationAnyTimePrior"": false,
      ""VisitConceptCountShortTerm"": false,
      ""DemographicsEthnicity"": false,
      ""DistinctIngredientCountLongTerm"": false,
      ""ConditionOccurrencePrimaryInpatientShortTerm"": false,
      ""DemographicsAgeGroup"": true,
      ""DistinctProcedureCountShortTerm"": false,
      ""DistinctObservationCountMediumTerm"": false,
      ""includedCovariateConceptIds"": [201826, 255573, 313217, 314054, 316139, 317576, 320128, 321052, 373995, 381270, 381591, 432585, 433753, 439777, 440383, 443392, 703244, 703547, 704599, 708298, 710062, 712615, 713109, 714684, 715259, 715939, 717607, 721724, 722031, 723013, 724816, 725131, 731188, 733008, 735979, 738156, 739138, 743670, 745790, 748010, 750982, 751412, 755695, 756349, 757688, 766529, 766814, 778268, 781039, 785788, 791967, 793143, 793293, 794147, 794852, 797617, 798834, 798874, 800878, 801396, 836715, 902427, 903963, 905531, 906072, 910232, 914335, 920458, 922570, 942350, 950370, 950637, 956874, 965748, 970250, 974166, 975125, 990678, 991382, 1101703, 1101898, 1102527, 1103314, 1110410, 1112807, 1114122, 1124957, 1126658, 1130585, 1133201, 1154029, 1158632, 1174888, 1178663, 1189596, 1201620, 1302398, 1305058, 1307046, 1308216, 1308842, 1309799, 1310756, 1313200, 1314002, 1314577, 1317640, 1319998, 1322081, 1322184, 1327978, 1331270, 1334456, 1338005, 1340128, 1341927, 1345858, 1346686, 1346823, 1347384, 1350310, 1351557, 1353766, 1363749, 1367500, 1370109, 1373225, 1386957, 1398039, 1502826, 1502905, 1503297, 1506270, 1510813, 1516766, 1516976, 1518254, 1525215, 1529331, 1537451, 1539403, 1544838, 1545958, 1547504, 1549686, 1550023, 1550557, 1551099, 1551860, 1559684, 1560171, 1567198, 1580747, 1583722, 1592085, 1596977, 1597756, 1797258, 2100521, 3038553, 4030875, 4032243, 4043174, 4064161, 4177164, 4182210, 4182536, 4203771, 4297365, 4343794, 19003999, 19006186, 19008012, 19010482, 19010652, 19011440, 19014878, 19016749, 19017067, 19018489, 19018517, 19018640, 19024904, 19026459, 19030353, 19032424, 19034726, 19041910, 19047423, 19049145, 19050216, 19050461, 19050832, 19051096, 19055224, 19057607, 19059796, 19063575, 19068821, 19072028, 19078219, 19080226, 19081284, 19086888, 19097821, 19100435, 19100451, 19100773, 19102109, 19122137, 19122327, 19135791, 19136066, 19136626, 35602717, 35807468, 36863691, 36878783, 40163718, 40165636, 40166035, 40170911, 40226742, 40235485, 40239216, 40241186, 42899139, 43009000, 43009001, 43009020, 43009023, 43009032, 43009042, 43009051, 43009055, 43009070, 43009071, 43009080, 43009089, 43009094, 43013884, 43531648, 43560354, 44506754, 44507700, 44785829, 45774435, 45774751, 46221581, 46271022],
      ""DrugGroupEraStartShortTerm"": false,
      ""addDescendantsToExclude"": true,
      ""DrugEraLongTerm"": false,
      ""DistinctConditionCountShortTerm"": false,
      ""ConditionGroupEraShortTerm"": false,
      ""ConditionEraStartMediumTerm"": false,
      ""VisitCountLongTerm"": false,
      ""DemographicsRace"": false,
      ""ProcedureOccurrenceAnyTimePrior"": true,
      ""DistinctObservationCountLongTerm"": false,
      ""ProcedureOccurrenceMediumTerm"": false,
      ""CharlsonIndex"": true,
      ""DemographicsPriorObservationTime"": false,
      ""MeasurementShortTerm"": false,
      ""DistinctProcedureCountMediumTerm"": false,
      ""ConditionEraLongTerm"": false,
      ""DrugGroupEraStartLongTerm"": false,
      ""DemographicsGender"": true,
      ""DeviceExposureAnyTimePrior"": false,
      ""ObservationLongTerm"": false,
      ""DemographicsIndexYearMonth"": false,
      ""ConditionOccurrenceMediumTerm"": false,
      ""longTermStartDays"": -365,
      ""DemographicsAge"": false,
      ""DrugGroupEraOverlapping"": false,
      ""DistinctMeasurementCountLongTerm"": false,
      ""MeasurementRangeGroupAnyTimePrior"": false,
      ""DistinctConditionCountMediumTerm"": false,
      ""DrugGroupEraMediumTerm"": false,
      ""ProcedureOccurrenceShortTerm"": false,
      ""ObservationMediumTerm"": false,
      ""ConditionGroupEraAnyTimePrior"": true,
      ""Chads2"": false,
      ""DrugExposureAnyTimePrior"": true,
      ""DeviceExposureLongTerm"": false,
      ""DemographicsTimeInCohort"": false,
      ""DistinctMeasurementCountMediumTerm"": false,
      ""MeasurementValueShortTerm"": false,
      ""DeviceExposureMediumTerm"": false,
      ""ConditionGroupEraStartShortTerm"": false,
      ""ConditionOccurrencePrimaryInpatientMediumTerm"": false,
      ""MeasurementLongTerm"": false,
      ""DemographicsIndexYear"": true,
      ""MeasurementValueMediumTerm"": false,
      ""DrugEraStartMediumTerm"": false,
      ""MeasurementValueAnyTimePrior"": false,
      ""DistinctObservationCountShortTerm"": false,
      ""DrugEraMediumTerm"": false,
      ""ConditionGroupEraLongTerm"": false,
      ""DrugExposureShortTerm"": false,
      ""DistinctIngredientCountShortTerm"": false,
      ""DeviceExposureShortTerm"": false,
      ""mediumTermStartDays"": -180,
      ""DemographicsPostObservationTime"": false,
      ""VisitConceptCountLongTerm"": false,
      ""VisitConceptCountMediumTerm"": false,
      ""excludedCovariateConceptIds"": [],
      ""ConditionGroupEraMediumTerm"": false,
      ""DrugExposureMediumTerm"": false,
      ""DistinctProcedureCountLongTerm"": false,
      ""DrugEraAnyTimePrior"": false,
      ""endDays"": -1,
      ""ConditionOccurrenceShortTerm"": false,
      ""attr_class"": ""covariateSettings"",
      ""attr_fun"": ""getDbDefaultCovariateData""
    },
    ""studyStartDate"": null,
    ""washoutPeriod"": 1,
    ""firstExposureOnly"": true,
    ""studyEndDate"": null,
    ""attr_class"": ""args""
  },
  ""trimByPs"": false,
  ""createStudyPopArgs"": {
    ""restrictToCommonPeriod"": false,
    ""removeDuplicateSubjects"": ""keep all"",
    ""minDaysAtRisk"": 1,
    ""addExposureDaysToStart"": false,
    ""riskWindowStart"": 1,
    ""washoutPeriod"": 0,
    ""censorAtNewRiskWindow"": true,
    ""addExposureDaysToEnd"": false,
    ""priorOutcomeLookback"": 99999,
    ""removeSubjectsWithPriorOutcome"": false,
    ""riskWindowEnd"": 7,
    ""firstExposureOnly"": false,
    ""attr_class"": ""args""
  },
  ""description"": "" iptw  7d"",
  ""trimByPsArgs"": {
    ""trimFraction"": 0.05,
    ""attr_class"": ""args""
  },
  ""targetType"": null,
  ""stratifyByPs"": true,
  ""stratifyByPsAndCovariates"": false,
  ""matchOnPsAndCovariatesArgs"": {
    ""caliper"": 0.2,
    ""caliperScale"": ""standardized logit"",
    ""maxRatio"": 1,
    ""covariateIds"": [],
    ""attr_class"": ""args""
  },
  ""trimByPsToEquipoise"": true,
  ""matchOnPs"": false,
  ""stratifyByPsAndCovariatesArgs"": {
    ""baseSelection"": ""all"",
    ""covariateIds"": [],
    ""numberOfStrata"": 5,
    ""attr_class"": ""args""
  },
  ""matchOnPsArgs"": {
    ""caliper"": 0.2,
    ""caliperScale"": ""standardized logit"",
    ""maxRatio"": 1,
    ""stratificationColumns"": [],
    ""attr_class"": ""args""
  },
  ""stratifyByPsArgs"": {
    ""baseSelection"": ""all"",
    ""numberOfStrata"": 5,
    ""stratificationColumns"": [],
    ""attr_class"": ""args""
  },
  ""matchOnPsAndCovariates"": false,
  ""analysisId"": 2,
  ""createPsArgs"": {
    ""stopOnError"": false,
    ""excludeCovariateIds"": [],
    ""prior"": {
      ""variance"": 1,
      ""useCrossValidation"": true,
      ""priorType"": ""laplace"",
      ""exclude"": 0,
      ""neighborhood"": null,
      ""forceIntercept"": false,
      ""graph"": null,
      ""attr_class"": ""cyclopsPrior""
    },
    ""errorOnHighCorrelation"": false,
    ""control"": {
      ""maxIterations"": 1000,
      ""autoSearch"": true,
      ""seed"": null,
      ""initialBound"": 2,
      ""gridSteps"": 10,
      ""threads"": 1,
      ""startingVariance"": 0.01,
      ""useKKTSwindle"": false,
      ""lowerLimit"": 0.01,
      ""cvRepetitions"": 10,
      ""noiseLevel"": ""silent"",
      ""fold"": 10,
      ""minCVData"": 100,
      ""resetCoefficients"": false,
      ""upperLimit"": 20,
      ""cvType"": ""auto"",
      ""selectorType"": ""auto"",
      ""convergenceType"": ""gradient"",
      ""tuneSwindle"": 10,
      ""maxBoundCount"": 5,
      ""tolerance"": 2e-07,
      ""algorithm"": ""ccd"",
      ""attr_class"": ""cyclopsControl""
    },
    ""includeCovariateIds"": [],
    ""maxCohortSizeForFitting"": 250000,
    ""attr_class"": ""args""
  },
  ""trimByPsToEquipoiseArgs"": {
    ""bounds"": [0.25, 0.75],
    ""attr_class"": ""args""
  },
  ""fitOutcomeModelArgs"": {
    ""excludeCovariateIds"": [],
    ""useCovariates"": false,
    ""prior"": {
      ""variance"": 1,
      ""useCrossValidation"": true,
      ""priorType"": ""laplace"",
      ""exclude"": 0,
      ""neighborhood"": null,
      ""forceIntercept"": false,
      ""graph"": null,
      ""attr_class"": ""cyclopsPrior""
    },
    ""inversePtWeighting"": true,
    ""control"": {
      ""maxIterations"": 1000,
      ""autoSearch"": true,
      ""seed"": null,
      ""initialBound"": 2,
      ""gridSteps"": 10,
      ""threads"": 1,
      ""startingVariance"": 0.01,
      ""useKKTSwindle"": false,
      ""lowerLimit"": 0.01,
      ""cvRepetitions"": 10,
      ""noiseLevel"": ""quiet"",
      ""fold"": 10,
      ""minCVData"": 100,
      ""resetCoefficients"": false,
      ""upperLimit"": 20,
      ""cvType"": ""auto"",
      ""selectorType"": ""auto"",
      ""convergenceType"": ""gradient"",
      ""tuneSwindle"": 10,
      ""maxBoundCount"": 5,
      ""tolerance"": 2e-07,
      ""algorithm"": ""ccd"",
      ""attr_class"": ""cyclopsControl""
    },
    ""modelType"": ""cox"",
    ""stratified"": true,
    ""interactionCovariateIds"": [],
    ""includeCovariateIds"": [],
    ""attr_class"": ""args""
  },
  ""createPs"": true,
  ""attr_class"": ""cmAnalysis""
}
"
3,"iptw 30d","{
  ""comparatorType"": null,
  ""fitOutcomeModel"": true,
  ""getDbCohortMethodDataArgs"": {
    ""restrictToCommonPeriod"": false,
    ""removeDuplicateSubjects"": ""keep first"",
    ""maxCohortSize"": 0,
    ""excludeDrugsFromCovariates"": false,
    ""covariateSettings"": {
      ""VisitCountMediumTerm"": false,
      ""ObservationShortTerm"": false,
      ""shortTermStartDays"": -30,
      ""MeasurementRangeGroupShortTerm"": false,
      ""ConditionOccurrenceLongTerm"": false,
      ""DrugEraStartLongTerm"": false,
      ""VisitCountShortTerm"": false,
      ""Chads2Vasc"": false,
      ""ConditionGroupEraStartLongTerm"": false,
      ""ConditionEraShortTerm"": false,
      ""Dcsi"": false,
      ""DrugGroupEraLongTerm"": false,
      ""DrugGroupEraShortTerm"": false,
      ""ConditionEraStartLongTerm"": false,
      ""temporal"": false,
      ""DemographicsIndexMonth"": false,
      ""ConditionOccurrencePrimaryInpatientLongTerm"": false,
      ""ConditionEraAnyTimePrior"": false,
      ""addDescendantsToInclude"": true,
      ""ConditionGroupEraStartMediumTerm"": false,
      ""ProcedureOccurrenceLongTerm"": false,
      ""DrugExposureLongTerm"": false,
      ""DrugEraStartShortTerm"": false,
      ""DistinctIngredientCountMediumTerm"": false,
      ""DistinctMeasurementCountShortTerm"": false,
      ""MeasurementRangeGroupLongTerm"": false,
      ""ConditionGroupEraOverlapping"": false,
      ""MeasurementRangeGroupMediumTerm"": false,
      ""DrugGroupEraStartMediumTerm"": false,
      ""MeasurementAnyTimePrior"": false,
      ""MeasurementMediumTerm"": false,
      ""includedCovariateIds"": [],
      ""ConditionOccurrenceAnyTimePrior"": true,
      ""DistinctConditionCountLongTerm"": false,
      ""MeasurementValueLongTerm"": false,
      ""DrugEraShortTerm"": false,
      ""DrugGroupEraAnyTimePrior"": true,
      ""DrugEraOverlapping"": false,
      ""ConditionOccurrencePrimaryInpatientAnyTimePrior"": false,
      ""ConditionEraMediumTerm"": false,
      ""ConditionEraOverlapping"": false,
      ""ConditionEraStartShortTerm"": false,
      ""ObservationAnyTimePrior"": false,
      ""VisitConceptCountShortTerm"": false,
      ""DemographicsEthnicity"": false,
      ""DistinctIngredientCountLongTerm"": false,
      ""ConditionOccurrencePrimaryInpatientShortTerm"": false,
      ""DemographicsAgeGroup"": true,
      ""DistinctProcedureCountShortTerm"": false,
      ""DistinctObservationCountMediumTerm"": false,
      ""includedCovariateConceptIds"": [201826, 255573, 313217, 314054, 316139, 317576, 320128, 321052, 373995, 381270, 381591, 432585, 433753, 439777, 440383, 443392, 703244, 703547, 704599, 708298, 710062, 712615, 713109, 714684, 715259, 715939, 717607, 721724, 722031, 723013, 724816, 725131, 731188, 733008, 735979, 738156, 739138, 743670, 745790, 748010, 750982, 751412, 755695, 756349, 757688, 766529, 766814, 778268, 781039, 785788, 791967, 793143, 793293, 794147, 794852, 797617, 798834, 798874, 800878, 801396, 836715, 902427, 903963, 905531, 906072, 910232, 914335, 920458, 922570, 942350, 950370, 950637, 956874, 965748, 970250, 974166, 975125, 990678, 991382, 1101703, 1101898, 1102527, 1103314, 1110410, 1112807, 1114122, 1124957, 1126658, 1130585, 1133201, 1154029, 1158632, 1174888, 1178663, 1189596, 1201620, 1302398, 1305058, 1307046, 1308216, 1308842, 1309799, 1310756, 1313200, 1314002, 1314577, 1317640, 1319998, 1322081, 1322184, 1327978, 1331270, 1334456, 1338005, 1340128, 1341927, 1345858, 1346686, 1346823, 1347384, 1350310, 1351557, 1353766, 1363749, 1367500, 1370109, 1373225, 1386957, 1398039, 1502826, 1502905, 1503297, 1506270, 1510813, 1516766, 1516976, 1518254, 1525215, 1529331, 1537451, 1539403, 1544838, 1545958, 1547504, 1549686, 1550023, 1550557, 1551099, 1551860, 1559684, 1560171, 1567198, 1580747, 1583722, 1592085, 1596977, 1597756, 1797258, 2100521, 3038553, 4030875, 4032243, 4043174, 4064161, 4177164, 4182210, 4182536, 4203771, 4297365, 4343794, 19003999, 19006186, 19008012, 19010482, 19010652, 19011440, 19014878, 19016749, 19017067, 19018489, 19018517, 19018640, 19024904, 19026459, 19030353, 19032424, 19034726, 19041910, 19047423, 19049145, 19050216, 19050461, 19050832, 19051096, 19055224, 19057607, 19059796, 19063575, 19068821, 19072028, 19078219, 19080226, 19081284, 19086888, 19097821, 19100435, 19100451, 19100773, 19102109, 19122137, 19122327, 19135791, 19136066, 19136626, 35602717, 35807468, 36863691, 36878783, 40163718, 40165636, 40166035, 40170911, 40226742, 40235485, 40239216, 40241186, 42899139, 43009000, 43009001, 43009020, 43009023, 43009032, 43009042, 43009051, 43009055, 43009070, 43009071, 43009080, 43009089, 43009094, 43013884, 43531648, 43560354, 44506754, 44507700, 44785829, 45774435, 45774751, 46221581, 46271022],
      ""DrugGroupEraStartShortTerm"": false,
      ""addDescendantsToExclude"": true,
      ""DrugEraLongTerm"": false,
      ""DistinctConditionCountShortTerm"": false,
      ""ConditionGroupEraShortTerm"": false,
      ""ConditionEraStartMediumTerm"": false,
      ""VisitCountLongTerm"": false,
      ""DemographicsRace"": false,
      ""ProcedureOccurrenceAnyTimePrior"": true,
      ""DistinctObservationCountLongTerm"": false,
      ""ProcedureOccurrenceMediumTerm"": false,
      ""CharlsonIndex"": true,
      ""DemographicsPriorObservationTime"": false,
      ""MeasurementShortTerm"": false,
      ""DistinctProcedureCountMediumTerm"": false,
      ""ConditionEraLongTerm"": false,
      ""DrugGroupEraStartLongTerm"": false,
      ""DemographicsGender"": true,
      ""DeviceExposureAnyTimePrior"": false,
      ""ObservationLongTerm"": false,
      ""DemographicsIndexYearMonth"": false,
      ""ConditionOccurrenceMediumTerm"": false,
      ""longTermStartDays"": -365,
      ""DemographicsAge"": false,
      ""DrugGroupEraOverlapping"": false,
      ""DistinctMeasurementCountLongTerm"": false,
      ""MeasurementRangeGroupAnyTimePrior"": false,
      ""DistinctConditionCountMediumTerm"": false,
      ""DrugGroupEraMediumTerm"": false,
      ""ProcedureOccurrenceShortTerm"": false,
      ""ObservationMediumTerm"": false,
      ""ConditionGroupEraAnyTimePrior"": true,
      ""Chads2"": false,
      ""DrugExposureAnyTimePrior"": true,
      ""DeviceExposureLongTerm"": false,
      ""DemographicsTimeInCohort"": false,
      ""DistinctMeasurementCountMediumTerm"": false,
      ""MeasurementValueShortTerm"": false,
      ""DeviceExposureMediumTerm"": false,
      ""ConditionGroupEraStartShortTerm"": false,
      ""ConditionOccurrencePrimaryInpatientMediumTerm"": false,
      ""MeasurementLongTerm"": false,
      ""DemographicsIndexYear"": true,
      ""MeasurementValueMediumTerm"": false,
      ""DrugEraStartMediumTerm"": false,
      ""MeasurementValueAnyTimePrior"": false,
      ""DistinctObservationCountShortTerm"": false,
      ""DrugEraMediumTerm"": false,
      ""ConditionGroupEraLongTerm"": false,
      ""DrugExposureShortTerm"": false,
      ""DistinctIngredientCountShortTerm"": false,
      ""DeviceExposureShortTerm"": false,
      ""mediumTermStartDays"": -180,
      ""DemographicsPostObservationTime"": false,
      ""VisitConceptCountLongTerm"": false,
      ""VisitConceptCountMediumTerm"": false,
      ""excludedCovariateConceptIds"": [],
      ""ConditionGroupEraMediumTerm"": false,
      ""DrugExposureMediumTerm"": false,
      ""DistinctProcedureCountLongTerm"": false,
      ""DrugEraAnyTimePrior"": false,
      ""endDays"": -1,
      ""ConditionOccurrenceShortTerm"": false,
      ""attr_class"": ""covariateSettings"",
      ""attr_fun"": ""getDbDefaultCovariateData""
    },
    ""studyStartDate"": null,
    ""washoutPeriod"": 1,
    ""firstExposureOnly"": true,
    ""studyEndDate"": null,
    ""attr_class"": ""args""
  },
  ""trimByPs"": false,
  ""createStudyPopArgs"": {
    ""restrictToCommonPeriod"": false,
    ""removeDuplicateSubjects"": ""keep all"",
    ""minDaysAtRisk"": 1,
    ""addExposureDaysToStart"": false,
    ""riskWindowStart"": 1,
    ""washoutPeriod"": 0,
    ""censorAtNewRiskWindow"": true,
    ""addExposureDaysToEnd"": false,
    ""priorOutcomeLookback"": 99999,
    ""removeSubjectsWithPriorOutcome"": false,
    ""riskWindowEnd"": 30,
    ""firstExposureOnly"": false,
    ""attr_class"": ""args""
  },
  ""description"": ""iptw 30d"",
  ""trimByPsArgs"": {
    ""trimFraction"": 0.05,
    ""attr_class"": ""args""
  },
  ""targetType"": null,
  ""stratifyByPs"": true,
  ""stratifyByPsAndCovariates"": false,
  ""matchOnPsAndCovariatesArgs"": {
    ""caliper"": 0.2,
    ""caliperScale"": ""standardized logit"",
    ""maxRatio"": 1,
    ""covariateIds"": [],
    ""attr_class"": ""args""
  },
  ""trimByPsToEquipoise"": true,
  ""matchOnPs"": false,
  ""stratifyByPsAndCovariatesArgs"": {
    ""baseSelection"": ""all"",
    ""covariateIds"": [],
    ""numberOfStrata"": 5,
    ""attr_class"": ""args""
  },
  ""matchOnPsArgs"": {
    ""caliper"": 0.2,
    ""caliperScale"": ""standardized logit"",
    ""maxRatio"": 1,
    ""stratificationColumns"": [],
    ""attr_class"": ""args""
  },
  ""stratifyByPsArgs"": {
    ""baseSelection"": ""all"",
    ""numberOfStrata"": 5,
    ""stratificationColumns"": [],
    ""attr_class"": ""args""
  },
  ""matchOnPsAndCovariates"": false,
  ""analysisId"": 3,
  ""createPsArgs"": {
    ""stopOnError"": false,
    ""excludeCovariateIds"": [],
    ""prior"": {
      ""variance"": 1,
      ""useCrossValidation"": true,
      ""priorType"": ""laplace"",
      ""exclude"": 0,
      ""neighborhood"": null,
      ""forceIntercept"": false,
      ""graph"": null,
      ""attr_class"": ""cyclopsPrior""
    },
    ""errorOnHighCorrelation"": false,
    ""control"": {
      ""maxIterations"": 1000,
      ""autoSearch"": true,
      ""seed"": null,
      ""initialBound"": 2,
      ""gridSteps"": 10,
      ""threads"": 1,
      ""startingVariance"": 0.01,
      ""useKKTSwindle"": false,
      ""lowerLimit"": 0.01,
      ""cvRepetitions"": 10,
      ""noiseLevel"": ""silent"",
      ""fold"": 10,
      ""minCVData"": 100,
      ""resetCoefficients"": false,
      ""upperLimit"": 20,
      ""cvType"": ""auto"",
      ""selectorType"": ""auto"",
      ""convergenceType"": ""gradient"",
      ""tuneSwindle"": 10,
      ""maxBoundCount"": 5,
      ""tolerance"": 2e-07,
      ""algorithm"": ""ccd"",
      ""attr_class"": ""cyclopsControl""
    },
    ""includeCovariateIds"": [],
    ""maxCohortSizeForFitting"": 250000,
    ""attr_class"": ""args""
  },
  ""trimByPsToEquipoiseArgs"": {
    ""bounds"": [0.25, 0.75],
    ""attr_class"": ""args""
  },
  ""fitOutcomeModelArgs"": {
    ""excludeCovariateIds"": [],
    ""useCovariates"": false,
    ""prior"": {
      ""variance"": 1,
      ""useCrossValidation"": true,
      ""priorType"": ""laplace"",
      ""exclude"": 0,
      ""neighborhood"": null,
      ""forceIntercept"": false,
      ""graph"": null,
      ""attr_class"": ""cyclopsPrior""
    },
    ""inversePtWeighting"": true,
    ""control"": {
      ""maxIterations"": 1000,
      ""autoSearch"": true,
      ""seed"": null,
      ""initialBound"": 2,
      ""gridSteps"": 10,
      ""threads"": 1,
      ""startingVariance"": 0.01,
      ""useKKTSwindle"": false,
      ""lowerLimit"": 0.01,
      ""cvRepetitions"": 10,
      ""noiseLevel"": ""quiet"",
      ""fold"": 10,
      ""minCVData"": 100,
      ""resetCoefficients"": false,
      ""upperLimit"": 20,
      ""cvType"": ""auto"",
      ""selectorType"": ""auto"",
      ""convergenceType"": ""gradient"",
      ""tuneSwindle"": 10,
      ""maxBoundCount"": 5,
      ""tolerance"": 2e-07,
      ""algorithm"": ""ccd"",
      ""attr_class"": ""cyclopsControl""
    },
    ""modelType"": ""cox"",
    ""stratified"": true,
    ""interactionCovariateIds"": [],
    ""includeCovariateIds"": [],
    ""attr_class"": ""args""
  },
  ""createPs"": true,
  ""attr_class"": ""cmAnalysis""
}
"
4,"psm 60d","{
  ""comparatorType"": null,
  ""fitOutcomeModel"": true,
  ""getDbCohortMethodDataArgs"": {
    ""restrictToCommonPeriod"": false,
    ""removeDuplicateSubjects"": ""keep first"",
    ""maxCohortSize"": 0,
    ""excludeDrugsFromCovariates"": false,
    ""covariateSettings"": {
      ""VisitCountMediumTerm"": false,
      ""ObservationShortTerm"": false,
      ""shortTermStartDays"": -30,
      ""MeasurementRangeGroupShortTerm"": false,
      ""ConditionOccurrenceLongTerm"": false,
      ""DrugEraStartLongTerm"": false,
      ""VisitCountShortTerm"": false,
      ""Chads2Vasc"": false,
      ""ConditionGroupEraStartLongTerm"": false,
      ""ConditionEraShortTerm"": false,
      ""Dcsi"": false,
      ""DrugGroupEraLongTerm"": false,
      ""DrugGroupEraShortTerm"": false,
      ""ConditionEraStartLongTerm"": false,
      ""temporal"": false,
      ""DemographicsIndexMonth"": false,
      ""ConditionOccurrencePrimaryInpatientLongTerm"": false,
      ""ConditionEraAnyTimePrior"": false,
      ""addDescendantsToInclude"": true,
      ""ConditionGroupEraStartMediumTerm"": false,
      ""ProcedureOccurrenceLongTerm"": false,
      ""DrugExposureLongTerm"": false,
      ""DrugEraStartShortTerm"": false,
      ""DistinctIngredientCountMediumTerm"": false,
      ""DistinctMeasurementCountShortTerm"": false,
      ""MeasurementRangeGroupLongTerm"": false,
      ""ConditionGroupEraOverlapping"": false,
      ""MeasurementRangeGroupMediumTerm"": false,
      ""DrugGroupEraStartMediumTerm"": false,
      ""MeasurementAnyTimePrior"": false,
      ""MeasurementMediumTerm"": false,
      ""includedCovariateIds"": [],
      ""ConditionOccurrenceAnyTimePrior"": true,
      ""DistinctConditionCountLongTerm"": false,
      ""MeasurementValueLongTerm"": false,
      ""DrugEraShortTerm"": false,
      ""DrugGroupEraAnyTimePrior"": true,
      ""DrugEraOverlapping"": false,
      ""ConditionOccurrencePrimaryInpatientAnyTimePrior"": false,
      ""ConditionEraMediumTerm"": false,
      ""ConditionEraOverlapping"": false,
      ""ConditionEraStartShortTerm"": false,
      ""ObservationAnyTimePrior"": false,
      ""VisitConceptCountShortTerm"": false,
      ""DemographicsEthnicity"": false,
      ""DistinctIngredientCountLongTerm"": false,
      ""ConditionOccurrencePrimaryInpatientShortTerm"": false,
      ""DemographicsAgeGroup"": true,
      ""DistinctProcedureCountShortTerm"": false,
      ""DistinctObservationCountMediumTerm"": false,
      ""includedCovariateConceptIds"": [201826, 255573, 313217, 314054, 316139, 317576, 320128, 321052, 373995, 381270, 381591, 432585, 433753, 439777, 440383, 443392, 703244, 703547, 704599, 708298, 710062, 712615, 713109, 714684, 715259, 715939, 717607, 721724, 722031, 723013, 724816, 725131, 731188, 733008, 735979, 738156, 739138, 743670, 745790, 748010, 750982, 751412, 755695, 756349, 757688, 766529, 766814, 778268, 781039, 785788, 791967, 793143, 793293, 794147, 794852, 797617, 798834, 798874, 800878, 801396, 836715, 902427, 903963, 905531, 906072, 910232, 914335, 920458, 922570, 942350, 950370, 950637, 956874, 965748, 970250, 974166, 975125, 990678, 991382, 1101703, 1101898, 1102527, 1103314, 1110410, 1112807, 1114122, 1124957, 1126658, 1130585, 1133201, 1154029, 1158632, 1174888, 1178663, 1189596, 1201620, 1302398, 1305058, 1307046, 1308216, 1308842, 1309799, 1310756, 1313200, 1314002, 1314577, 1317640, 1319998, 1322081, 1322184, 1327978, 1331270, 1334456, 1338005, 1340128, 1341927, 1345858, 1346686, 1346823, 1347384, 1350310, 1351557, 1353766, 1363749, 1367500, 1370109, 1373225, 1386957, 1398039, 1502826, 1502905, 1503297, 1506270, 1510813, 1516766, 1516976, 1518254, 1525215, 1529331, 1537451, 1539403, 1544838, 1545958, 1547504, 1549686, 1550023, 1550557, 1551099, 1551860, 1559684, 1560171, 1567198, 1580747, 1583722, 1592085, 1596977, 1597756, 1797258, 2100521, 3038553, 4030875, 4032243, 4043174, 4064161, 4177164, 4182210, 4182536, 4203771, 4297365, 4343794, 19003999, 19006186, 19008012, 19010482, 19010652, 19011440, 19014878, 19016749, 19017067, 19018489, 19018517, 19018640, 19024904, 19026459, 19030353, 19032424, 19034726, 19041910, 19047423, 19049145, 19050216, 19050461, 19050832, 19051096, 19055224, 19057607, 19059796, 19063575, 19068821, 19072028, 19078219, 19080226, 19081284, 19086888, 19097821, 19100435, 19100451, 19100773, 19102109, 19122137, 19122327, 19135791, 19136066, 19136626, 35602717, 35807468, 36863691, 36878783, 40163718, 40165636, 40166035, 40170911, 40226742, 40235485, 40239216, 40241186, 42899139, 43009000, 43009001, 43009020, 43009023, 43009032, 43009042, 43009051, 43009055, 43009070, 43009071, 43009080, 43009089, 43009094, 43013884, 43531648, 43560354, 44506754, 44507700, 44785829, 45774435, 45774751, 46221581, 46271022],
      ""DrugGroupEraStartShortTerm"": false,
      ""addDescendantsToExclude"": true,
      ""DrugEraLongTerm"": false,
      ""DistinctConditionCountShortTerm"": false,
      ""ConditionGroupEraShortTerm"": false,
      ""ConditionEraStartMediumTerm"": false,
      ""VisitCountLongTerm"": false,
      ""DemographicsRace"": false,
      ""ProcedureOccurrenceAnyTimePrior"": true,
      ""DistinctObservationCountLongTerm"": false,
      ""ProcedureOccurrenceMediumTerm"": false,
      ""CharlsonIndex"": true,
      ""DemographicsPriorObservationTime"": false,
      ""MeasurementShortTerm"": false,
      ""DistinctProcedureCountMediumTerm"": false,
      ""ConditionEraLongTerm"": false,
      ""DrugGroupEraStartLongTerm"": false,
      ""DemographicsGender"": true,
      ""DeviceExposureAnyTimePrior"": false,
      ""ObservationLongTerm"": false,
      ""DemographicsIndexYearMonth"": false,
      ""ConditionOccurrenceMediumTerm"": false,
      ""longTermStartDays"": -365,
      ""DemographicsAge"": false,
      ""DrugGroupEraOverlapping"": false,
      ""DistinctMeasurementCountLongTerm"": false,
      ""MeasurementRangeGroupAnyTimePrior"": false,
      ""DistinctConditionCountMediumTerm"": false,
      ""DrugGroupEraMediumTerm"": false,
      ""ProcedureOccurrenceShortTerm"": false,
      ""ObservationMediumTerm"": false,
      ""ConditionGroupEraAnyTimePrior"": true,
      ""Chads2"": false,
      ""DrugExposureAnyTimePrior"": true,
      ""DeviceExposureLongTerm"": false,
      ""DemographicsTimeInCohort"": false,
      ""DistinctMeasurementCountMediumTerm"": false,
      ""MeasurementValueShortTerm"": false,
      ""DeviceExposureMediumTerm"": false,
      ""ConditionGroupEraStartShortTerm"": false,
      ""ConditionOccurrencePrimaryInpatientMediumTerm"": false,
      ""MeasurementLongTerm"": false,
      ""DemographicsIndexYear"": true,
      ""MeasurementValueMediumTerm"": false,
      ""DrugEraStartMediumTerm"": false,
      ""MeasurementValueAnyTimePrior"": false,
      ""DistinctObservationCountShortTerm"": false,
      ""DrugEraMediumTerm"": false,
      ""ConditionGroupEraLongTerm"": false,
      ""DrugExposureShortTerm"": false,
      ""DistinctIngredientCountShortTerm"": false,
      ""DeviceExposureShortTerm"": false,
      ""mediumTermStartDays"": -180,
      ""DemographicsPostObservationTime"": false,
      ""VisitConceptCountLongTerm"": false,
      ""VisitConceptCountMediumTerm"": false,
      ""excludedCovariateConceptIds"": [],
      ""ConditionGroupEraMediumTerm"": false,
      ""DrugExposureMediumTerm"": false,
      ""DistinctProcedureCountLongTerm"": false,
      ""DrugEraAnyTimePrior"": false,
      ""endDays"": -1,
      ""ConditionOccurrenceShortTerm"": false,
      ""attr_class"": ""covariateSettings"",
      ""attr_fun"": ""getDbDefaultCovariateData""
    },
    ""studyStartDate"": null,
    ""washoutPeriod"": 1,
    ""firstExposureOnly"": true,
    ""studyEndDate"": null,
    ""attr_class"": ""args""
  },
  ""trimByPs"": false,
  ""createStudyPopArgs"": {
    ""restrictToCommonPeriod"": false,
    ""removeDuplicateSubjects"": ""keep all"",
    ""minDaysAtRisk"": 1,
    ""addExposureDaysToStart"": false,
    ""riskWindowStart"": 1,
    ""washoutPeriod"": 0,
    ""censorAtNewRiskWindow"": true,
    ""addExposureDaysToEnd"": false,
    ""priorOutcomeLookback"": 99999,
    ""removeSubjectsWithPriorOutcome"": false,
    ""riskWindowEnd"": 60,
    ""firstExposureOnly"": false,
    ""attr_class"": ""args""
  },
  ""description"": ""psm 60d"",
  ""trimByPsArgs"": {
    ""trimFraction"": 0.05,
    ""attr_class"": ""args""
  },
  ""targetType"": null,
  ""stratifyByPs"": false,
  ""stratifyByPsAndCovariates"": false,
  ""matchOnPsAndCovariatesArgs"": {
    ""caliper"": 0.2,
    ""caliperScale"": ""standardized logit"",
    ""maxRatio"": 1,
    ""covariateIds"": [],
    ""attr_class"": ""args""
  },
  ""trimByPsToEquipoise"": false,
  ""matchOnPs"": true,
  ""stratifyByPsAndCovariatesArgs"": {
    ""baseSelection"": ""all"",
    ""covariateIds"": [],
    ""numberOfStrata"": 5,
    ""attr_class"": ""args""
  },
  ""matchOnPsArgs"": {
    ""caliper"": 0.2,
    ""caliperScale"": ""standardized logit"",
    ""maxRatio"": 1,
    ""stratificationColumns"": [],
    ""attr_class"": ""args""
  },
  ""stratifyByPsArgs"": {
    ""baseSelection"": ""all"",
    ""numberOfStrata"": 5,
    ""stratificationColumns"": [],
    ""attr_class"": ""args""
  },
  ""matchOnPsAndCovariates"": false,
  ""analysisId"": 4,
  ""createPsArgs"": {
    ""stopOnError"": false,
    ""excludeCovariateIds"": [],
    ""prior"": {
      ""variance"": 1,
      ""useCrossValidation"": true,
      ""priorType"": ""laplace"",
      ""exclude"": 0,
      ""neighborhood"": null,
      ""forceIntercept"": false,
      ""graph"": null,
      ""attr_class"": ""cyclopsPrior""
    },
    ""errorOnHighCorrelation"": false,
    ""control"": {
      ""maxIterations"": 1000,
      ""autoSearch"": true,
      ""seed"": null,
      ""initialBound"": 2,
      ""gridSteps"": 10,
      ""threads"": 1,
      ""startingVariance"": 0.01,
      ""useKKTSwindle"": false,
      ""lowerLimit"": 0.01,
      ""cvRepetitions"": 10,
      ""noiseLevel"": ""silent"",
      ""fold"": 10,
      ""minCVData"": 100,
      ""resetCoefficients"": false,
      ""upperLimit"": 20,
      ""cvType"": ""auto"",
      ""selectorType"": ""auto"",
      ""convergenceType"": ""gradient"",
      ""tuneSwindle"": 10,
      ""maxBoundCount"": 5,
      ""tolerance"": 2e-07,
      ""algorithm"": ""ccd"",
      ""attr_class"": ""cyclopsControl""
    },
    ""includeCovariateIds"": [],
    ""maxCohortSizeForFitting"": 250000,
    ""attr_class"": ""args""
  },
  ""trimByPsToEquipoiseArgs"": {
    ""bounds"": [0.25, 0.75],
    ""attr_class"": ""args""
  },
  ""fitOutcomeModelArgs"": {
    ""excludeCovariateIds"": [],
    ""useCovariates"": false,
    ""prior"": {
      ""variance"": 1,
      ""useCrossValidation"": true,
      ""priorType"": ""laplace"",
      ""exclude"": 0,
      ""neighborhood"": null,
      ""forceIntercept"": false,
      ""graph"": null,
      ""attr_class"": ""cyclopsPrior""
    },
    ""inversePtWeighting"": false,
    ""control"": {
      ""maxIterations"": 1000,
      ""autoSearch"": true,
      ""seed"": null,
      ""initialBound"": 2,
      ""gridSteps"": 10,
      ""threads"": 1,
      ""startingVariance"": 0.01,
      ""useKKTSwindle"": false,
      ""lowerLimit"": 0.01,
      ""cvRepetitions"": 10,
      ""noiseLevel"": ""quiet"",
      ""fold"": 10,
      ""minCVData"": 100,
      ""resetCoefficients"": false,
      ""upperLimit"": 20,
      ""cvType"": ""auto"",
      ""selectorType"": ""auto"",
      ""convergenceType"": ""gradient"",
      ""tuneSwindle"": 10,
      ""maxBoundCount"": 5,
      ""tolerance"": 2e-07,
      ""algorithm"": ""ccd"",
      ""attr_class"": ""cyclopsControl""
    },
    ""modelType"": ""cox"",
    ""stratified"": true,
    ""interactionCovariateIds"": [],
    ""includeCovariateIds"": [],
    ""attr_class"": ""args""
  },
  ""createPs"": true,
  ""attr_class"": ""cmAnalysis""
}
"
5,"psm 7d","{
  ""comparatorType"": null,
  ""fitOutcomeModel"": true,
  ""getDbCohortMethodDataArgs"": {
    ""restrictToCommonPeriod"": false,
    ""removeDuplicateSubjects"": ""keep first"",
    ""maxCohortSize"": 0,
    ""excludeDrugsFromCovariates"": false,
    ""covariateSettings"": {
      ""VisitCountMediumTerm"": false,
      ""ObservationShortTerm"": false,
      ""shortTermStartDays"": -30,
      ""MeasurementRangeGroupShortTerm"": false,
      ""ConditionOccurrenceLongTerm"": false,
      ""DrugEraStartLongTerm"": false,
      ""VisitCountShortTerm"": false,
      ""Chads2Vasc"": false,
      ""ConditionGroupEraStartLongTerm"": false,
      ""ConditionEraShortTerm"": false,
      ""Dcsi"": false,
      ""DrugGroupEraLongTerm"": false,
      ""DrugGroupEraShortTerm"": false,
      ""ConditionEraStartLongTerm"": false,
      ""temporal"": false,
      ""DemographicsIndexMonth"": false,
      ""ConditionOccurrencePrimaryInpatientLongTerm"": false,
      ""ConditionEraAnyTimePrior"": false,
      ""addDescendantsToInclude"": true,
      ""ConditionGroupEraStartMediumTerm"": false,
      ""ProcedureOccurrenceLongTerm"": false,
      ""DrugExposureLongTerm"": false,
      ""DrugEraStartShortTerm"": false,
      ""DistinctIngredientCountMediumTerm"": false,
      ""DistinctMeasurementCountShortTerm"": false,
      ""MeasurementRangeGroupLongTerm"": false,
      ""ConditionGroupEraOverlapping"": false,
      ""MeasurementRangeGroupMediumTerm"": false,
      ""DrugGroupEraStartMediumTerm"": false,
      ""MeasurementAnyTimePrior"": false,
      ""MeasurementMediumTerm"": false,
      ""includedCovariateIds"": [],
      ""ConditionOccurrenceAnyTimePrior"": true,
      ""DistinctConditionCountLongTerm"": false,
      ""MeasurementValueLongTerm"": false,
      ""DrugEraShortTerm"": false,
      ""DrugGroupEraAnyTimePrior"": true,
      ""DrugEraOverlapping"": false,
      ""ConditionOccurrencePrimaryInpatientAnyTimePrior"": false,
      ""ConditionEraMediumTerm"": false,
      ""ConditionEraOverlapping"": false,
      ""ConditionEraStartShortTerm"": false,
      ""ObservationAnyTimePrior"": false,
      ""VisitConceptCountShortTerm"": false,
      ""DemographicsEthnicity"": false,
      ""DistinctIngredientCountLongTerm"": false,
      ""ConditionOccurrencePrimaryInpatientShortTerm"": false,
      ""DemographicsAgeGroup"": true,
      ""DistinctProcedureCountShortTerm"": false,
      ""DistinctObservationCountMediumTerm"": false,
      ""includedCovariateConceptIds"": [201826, 255573, 313217, 314054, 316139, 317576, 320128, 321052, 373995, 381270, 381591, 432585, 433753, 439777, 440383, 443392, 703244, 703547, 704599, 708298, 710062, 712615, 713109, 714684, 715259, 715939, 717607, 721724, 722031, 723013, 724816, 725131, 731188, 733008, 735979, 738156, 739138, 743670, 745790, 748010, 750982, 751412, 755695, 756349, 757688, 766529, 766814, 778268, 781039, 785788, 791967, 793143, 793293, 794147, 794852, 797617, 798834, 798874, 800878, 801396, 836715, 902427, 903963, 905531, 906072, 910232, 914335, 920458, 922570, 942350, 950370, 950637, 956874, 965748, 970250, 974166, 975125, 990678, 991382, 1101703, 1101898, 1102527, 1103314, 1110410, 1112807, 1114122, 1124957, 1126658, 1130585, 1133201, 1154029, 1158632, 1174888, 1178663, 1189596, 1201620, 1302398, 1305058, 1307046, 1308216, 1308842, 1309799, 1310756, 1313200, 1314002, 1314577, 1317640, 1319998, 1322081, 1322184, 1327978, 1331270, 1334456, 1338005, 1340128, 1341927, 1345858, 1346686, 1346823, 1347384, 1350310, 1351557, 1353766, 1363749, 1367500, 1370109, 1373225, 1386957, 1398039, 1502826, 1502905, 1503297, 1506270, 1510813, 1516766, 1516976, 1518254, 1525215, 1529331, 1537451, 1539403, 1544838, 1545958, 1547504, 1549686, 1550023, 1550557, 1551099, 1551860, 1559684, 1560171, 1567198, 1580747, 1583722, 1592085, 1596977, 1597756, 1797258, 2100521, 3038553, 4030875, 4032243, 4043174, 4064161, 4177164, 4182210, 4182536, 4203771, 4297365, 4343794, 19003999, 19006186, 19008012, 19010482, 19010652, 19011440, 19014878, 19016749, 19017067, 19018489, 19018517, 19018640, 19024904, 19026459, 19030353, 19032424, 19034726, 19041910, 19047423, 19049145, 19050216, 19050461, 19050832, 19051096, 19055224, 19057607, 19059796, 19063575, 19068821, 19072028, 19078219, 19080226, 19081284, 19086888, 19097821, 19100435, 19100451, 19100773, 19102109, 19122137, 19122327, 19135791, 19136066, 19136626, 35602717, 35807468, 36863691, 36878783, 40163718, 40165636, 40166035, 40170911, 40226742, 40235485, 40239216, 40241186, 42899139, 43009000, 43009001, 43009020, 43009023, 43009032, 43009042, 43009051, 43009055, 43009070, 43009071, 43009080, 43009089, 43009094, 43013884, 43531648, 43560354, 44506754, 44507700, 44785829, 45774435, 45774751, 46221581, 46271022],
      ""DrugGroupEraStartShortTerm"": false,
      ""addDescendantsToExclude"": true,
      ""DrugEraLongTerm"": false,
      ""DistinctConditionCountShortTerm"": false,
      ""ConditionGroupEraShortTerm"": false,
      ""ConditionEraStartMediumTerm"": false,
      ""VisitCountLongTerm"": false,
      ""DemographicsRace"": false,
      ""ProcedureOccurrenceAnyTimePrior"": true,
      ""DistinctObservationCountLongTerm"": false,
      ""ProcedureOccurrenceMediumTerm"": false,
      ""CharlsonIndex"": true,
      ""DemographicsPriorObservationTime"": false,
      ""MeasurementShortTerm"": false,
      ""DistinctProcedureCountMediumTerm"": false,
      ""ConditionEraLongTerm"": false,
      ""DrugGroupEraStartLongTerm"": false,
      ""DemographicsGender"": true,
      ""DeviceExposureAnyTimePrior"": false,
      ""ObservationLongTerm"": false,
      ""DemographicsIndexYearMonth"": false,
      ""ConditionOccurrenceMediumTerm"": false,
      ""longTermStartDays"": -365,
      ""DemographicsAge"": false,
      ""DrugGroupEraOverlapping"": false,
      ""DistinctMeasurementCountLongTerm"": false,
      ""MeasurementRangeGroupAnyTimePrior"": false,
      ""DistinctConditionCountMediumTerm"": false,
      ""DrugGroupEraMediumTerm"": false,
      ""ProcedureOccurrenceShortTerm"": false,
      ""ObservationMediumTerm"": false,
      ""ConditionGroupEraAnyTimePrior"": true,
      ""Chads2"": false,
      ""DrugExposureAnyTimePrior"": true,
      ""DeviceExposureLongTerm"": false,
      ""DemographicsTimeInCohort"": false,
      ""DistinctMeasurementCountMediumTerm"": false,
      ""MeasurementValueShortTerm"": false,
      ""DeviceExposureMediumTerm"": false,
      ""ConditionGroupEraStartShortTerm"": false,
      ""ConditionOccurrencePrimaryInpatientMediumTerm"": false,
      ""MeasurementLongTerm"": false,
      ""DemographicsIndexYear"": true,
      ""MeasurementValueMediumTerm"": false,
      ""DrugEraStartMediumTerm"": false,
      ""MeasurementValueAnyTimePrior"": false,
      ""DistinctObservationCountShortTerm"": false,
      ""DrugEraMediumTerm"": false,
      ""ConditionGroupEraLongTerm"": false,
      ""DrugExposureShortTerm"": false,
      ""DistinctIngredientCountShortTerm"": false,
      ""DeviceExposureShortTerm"": false,
      ""mediumTermStartDays"": -180,
      ""DemographicsPostObservationTime"": false,
      ""VisitConceptCountLongTerm"": false,
      ""VisitConceptCountMediumTerm"": false,
      ""excludedCovariateConceptIds"": [],
      ""ConditionGroupEraMediumTerm"": false,
      ""DrugExposureMediumTerm"": false,
      ""DistinctProcedureCountLongTerm"": false,
      ""DrugEraAnyTimePrior"": false,
      ""endDays"": -1,
      ""ConditionOccurrenceShortTerm"": false,
      ""attr_class"": ""covariateSettings"",
      ""attr_fun"": ""getDbDefaultCovariateData""
    },
    ""studyStartDate"": null,
    ""washoutPeriod"": 1,
    ""firstExposureOnly"": true,
    ""studyEndDate"": null,
    ""attr_class"": ""args""
  },
  ""trimByPs"": false,
  ""createStudyPopArgs"": {
    ""restrictToCommonPeriod"": false,
    ""removeDuplicateSubjects"": ""keep all"",
    ""minDaysAtRisk"": 1,
    ""addExposureDaysToStart"": false,
    ""riskWindowStart"": 1,
    ""washoutPeriod"": 0,
    ""censorAtNewRiskWindow"": true,
    ""addExposureDaysToEnd"": false,
    ""priorOutcomeLookback"": 99999,
    ""removeSubjectsWithPriorOutcome"": false,
    ""riskWindowEnd"": 7,
    ""firstExposureOnly"": false,
    ""attr_class"": ""args""
  },
  ""description"": ""psm 7d"",
  ""trimByPsArgs"": {
    ""trimFraction"": 0.05,
    ""attr_class"": ""args""
  },
  ""targetType"": null,
  ""stratifyByPs"": false,
  ""stratifyByPsAndCovariates"": false,
  ""matchOnPsAndCovariatesArgs"": {
    ""caliper"": 0.2,
    ""caliperScale"": ""standardized logit"",
    ""maxRatio"": 1,
    ""covariateIds"": [],
    ""attr_class"": ""args""
  },
  ""trimByPsToEquipoise"": false,
  ""matchOnPs"": true,
  ""stratifyByPsAndCovariatesArgs"": {
    ""baseSelection"": ""all"",
    ""covariateIds"": [],
    ""numberOfStrata"": 5,
    ""attr_class"": ""args""
  },
  ""matchOnPsArgs"": {
    ""caliper"": 0.2,
    ""caliperScale"": ""standardized logit"",
    ""maxRatio"": 1,
    ""stratificationColumns"": [],
    ""attr_class"": ""args""
  },
  ""stratifyByPsArgs"": {
    ""baseSelection"": ""all"",
    ""numberOfStrata"": 5,
    ""stratificationColumns"": [],
    ""attr_class"": ""args""
  },
  ""matchOnPsAndCovariates"": false,
  ""analysisId"": 5,
  ""createPsArgs"": {
    ""stopOnError"": false,
    ""excludeCovariateIds"": [],
    ""prior"": {
      ""variance"": 1,
      ""useCrossValidation"": true,
      ""priorType"": ""laplace"",
      ""exclude"": 0,
      ""neighborhood"": null,
      ""forceIntercept"": false,
      ""graph"": null,
      ""attr_class"": ""cyclopsPrior""
    },
    ""errorOnHighCorrelation"": false,
    ""control"": {
      ""maxIterations"": 1000,
      ""autoSearch"": true,
      ""seed"": null,
      ""initialBound"": 2,
      ""gridSteps"": 10,
      ""threads"": 1,
      ""startingVariance"": 0.01,
      ""useKKTSwindle"": false,
      ""lowerLimit"": 0.01,
      ""cvRepetitions"": 10,
      ""noiseLevel"": ""silent"",
      ""fold"": 10,
      ""minCVData"": 100,
      ""resetCoefficients"": false,
      ""upperLimit"": 20,
      ""cvType"": ""auto"",
      ""selectorType"": ""auto"",
      ""convergenceType"": ""gradient"",
      ""tuneSwindle"": 10,
      ""maxBoundCount"": 5,
      ""tolerance"": 2e-07,
      ""algorithm"": ""ccd"",
      ""attr_class"": ""cyclopsControl""
    },
    ""includeCovariateIds"": [],
    ""maxCohortSizeForFitting"": 250000,
    ""attr_class"": ""args""
  },
  ""trimByPsToEquipoiseArgs"": {
    ""bounds"": [0.25, 0.75],
    ""attr_class"": ""args""
  },
  ""fitOutcomeModelArgs"": {
    ""excludeCovariateIds"": [],
    ""useCovariates"": false,
    ""prior"": {
      ""variance"": 1,
      ""useCrossValidation"": true,
      ""priorType"": ""laplace"",
      ""exclude"": 0,
      ""neighborhood"": null,
      ""forceIntercept"": false,
      ""graph"": null,
      ""attr_class"": ""cyclopsPrior""
    },
    ""inversePtWeighting"": false,
    ""control"": {
      ""maxIterations"": 1000,
      ""autoSearch"": true,
      ""seed"": null,
      ""initialBound"": 2,
      ""gridSteps"": 10,
      ""threads"": 1,
      ""startingVariance"": 0.01,
      ""useKKTSwindle"": false,
      ""lowerLimit"": 0.01,
      ""cvRepetitions"": 10,
      ""noiseLevel"": ""quiet"",
      ""fold"": 10,
      ""minCVData"": 100,
      ""resetCoefficients"": false,
      ""upperLimit"": 20,
      ""cvType"": ""auto"",
      ""selectorType"": ""auto"",
      ""convergenceType"": ""gradient"",
      ""tuneSwindle"": 10,
      ""maxBoundCount"": 5,
      ""tolerance"": 2e-07,
      ""algorithm"": ""ccd"",
      ""attr_class"": ""cyclopsControl""
    },
    ""modelType"": ""cox"",
    ""stratified"": true,
    ""interactionCovariateIds"": [],
    ""includeCovariateIds"": [],
    ""attr_class"": ""args""
  },
  ""createPs"": true,
  ""attr_class"": ""cmAnalysis""
}
"
6,"psm 30d","{
  ""comparatorType"": null,
  ""fitOutcomeModel"": true,
  ""getDbCohortMethodDataArgs"": {
    ""restrictToCommonPeriod"": false,
    ""removeDuplicateSubjects"": ""keep first"",
    ""maxCohortSize"": 0,
    ""excludeDrugsFromCovariates"": false,
    ""covariateSettings"": {
      ""VisitCountMediumTerm"": false,
      ""ObservationShortTerm"": false,
      ""shortTermStartDays"": -30,
      ""MeasurementRangeGroupShortTerm"": false,
      ""ConditionOccurrenceLongTerm"": false,
      ""DrugEraStartLongTerm"": false,
      ""VisitCountShortTerm"": false,
      ""Chads2Vasc"": false,
      ""ConditionGroupEraStartLongTerm"": false,
      ""ConditionEraShortTerm"": false,
      ""Dcsi"": false,
      ""DrugGroupEraLongTerm"": false,
      ""DrugGroupEraShortTerm"": false,
      ""ConditionEraStartLongTerm"": false,
      ""temporal"": false,
      ""DemographicsIndexMonth"": false,
      ""ConditionOccurrencePrimaryInpatientLongTerm"": false,
      ""ConditionEraAnyTimePrior"": false,
      ""addDescendantsToInclude"": true,
      ""ConditionGroupEraStartMediumTerm"": false,
      ""ProcedureOccurrenceLongTerm"": false,
      ""DrugExposureLongTerm"": false,
      ""DrugEraStartShortTerm"": false,
      ""DistinctIngredientCountMediumTerm"": false,
      ""DistinctMeasurementCountShortTerm"": false,
      ""MeasurementRangeGroupLongTerm"": false,
      ""ConditionGroupEraOverlapping"": false,
      ""MeasurementRangeGroupMediumTerm"": false,
      ""DrugGroupEraStartMediumTerm"": false,
      ""MeasurementAnyTimePrior"": false,
      ""MeasurementMediumTerm"": false,
      ""includedCovariateIds"": [],
      ""ConditionOccurrenceAnyTimePrior"": true,
      ""DistinctConditionCountLongTerm"": false,
      ""MeasurementValueLongTerm"": false,
      ""DrugEraShortTerm"": false,
      ""DrugGroupEraAnyTimePrior"": true,
      ""DrugEraOverlapping"": false,
      ""ConditionOccurrencePrimaryInpatientAnyTimePrior"": false,
      ""ConditionEraMediumTerm"": false,
      ""ConditionEraOverlapping"": false,
      ""ConditionEraStartShortTerm"": false,
      ""ObservationAnyTimePrior"": false,
      ""VisitConceptCountShortTerm"": false,
      ""DemographicsEthnicity"": false,
      ""DistinctIngredientCountLongTerm"": false,
      ""ConditionOccurrencePrimaryInpatientShortTerm"": false,
      ""DemographicsAgeGroup"": true,
      ""DistinctProcedureCountShortTerm"": false,
      ""DistinctObservationCountMediumTerm"": false,
      ""includedCovariateConceptIds"": [201826, 255573, 313217, 314054, 316139, 317576, 320128, 321052, 373995, 381270, 381591, 432585, 433753, 439777, 440383, 443392, 703244, 703547, 704599, 708298, 710062, 712615, 713109, 714684, 715259, 715939, 717607, 721724, 722031, 723013, 724816, 725131, 731188, 733008, 735979, 738156, 739138, 743670, 745790, 748010, 750982, 751412, 755695, 756349, 757688, 766529, 766814, 778268, 781039, 785788, 791967, 793143, 793293, 794147, 794852, 797617, 798834, 798874, 800878, 801396, 836715, 902427, 903963, 905531, 906072, 910232, 914335, 920458, 922570, 942350, 950370, 950637, 956874, 965748, 970250, 974166, 975125, 990678, 991382, 1101703, 1101898, 1102527, 1103314, 1110410, 1112807, 1114122, 1124957, 1126658, 1130585, 1133201, 1154029, 1158632, 1174888, 1178663, 1189596, 1201620, 1302398, 1305058, 1307046, 1308216, 1308842, 1309799, 1310756, 1313200, 1314002, 1314577, 1317640, 1319998, 1322081, 1322184, 1327978, 1331270, 1334456, 1338005, 1340128, 1341927, 1345858, 1346686, 1346823, 1347384, 1350310, 1351557, 1353766, 1363749, 1367500, 1370109, 1373225, 1386957, 1398039, 1502826, 1502905, 1503297, 1506270, 1510813, 1516766, 1516976, 1518254, 1525215, 1529331, 1537451, 1539403, 1544838, 1545958, 1547504, 1549686, 1550023, 1550557, 1551099, 1551860, 1559684, 1560171, 1567198, 1580747, 1583722, 1592085, 1596977, 1597756, 1797258, 2100521, 3038553, 4030875, 4032243, 4043174, 4064161, 4177164, 4182210, 4182536, 4203771, 4297365, 4343794, 19003999, 19006186, 19008012, 19010482, 19010652, 19011440, 19014878, 19016749, 19017067, 19018489, 19018517, 19018640, 19024904, 19026459, 19030353, 19032424, 19034726, 19041910, 19047423, 19049145, 19050216, 19050461, 19050832, 19051096, 19055224, 19057607, 19059796, 19063575, 19068821, 19072028, 19078219, 19080226, 19081284, 19086888, 19097821, 19100435, 19100451, 19100773, 19102109, 19122137, 19122327, 19135791, 19136066, 19136626, 35602717, 35807468, 36863691, 36878783, 40163718, 40165636, 40166035, 40170911, 40226742, 40235485, 40239216, 40241186, 42899139, 43009000, 43009001, 43009020, 43009023, 43009032, 43009042, 43009051, 43009055, 43009070, 43009071, 43009080, 43009089, 43009094, 43013884, 43531648, 43560354, 44506754, 44507700, 44785829, 45774435, 45774751, 46221581, 46271022],
      ""DrugGroupEraStartShortTerm"": false,
      ""addDescendantsToExclude"": true,
      ""DrugEraLongTerm"": false,
      ""DistinctConditionCountShortTerm"": false,
      ""ConditionGroupEraShortTerm"": false,
      ""ConditionEraStartMediumTerm"": false,
      ""VisitCountLongTerm"": false,
      ""DemographicsRace"": false,
      ""ProcedureOccurrenceAnyTimePrior"": true,
      ""DistinctObservationCountLongTerm"": false,
      ""ProcedureOccurrenceMediumTerm"": false,
      ""CharlsonIndex"": true,
      ""DemographicsPriorObservationTime"": false,
      ""MeasurementShortTerm"": false,
      ""DistinctProcedureCountMediumTerm"": false,
      ""ConditionEraLongTerm"": false,
      ""DrugGroupEraStartLongTerm"": false,
      ""DemographicsGender"": true,
      ""DeviceExposureAnyTimePrior"": false,
      ""ObservationLongTerm"": false,
      ""DemographicsIndexYearMonth"": false,
      ""ConditionOccurrenceMediumTerm"": false,
      ""longTermStartDays"": -365,
      ""DemographicsAge"": false,
      ""DrugGroupEraOverlapping"": false,
      ""DistinctMeasurementCountLongTerm"": false,
      ""MeasurementRangeGroupAnyTimePrior"": false,
      ""DistinctConditionCountMediumTerm"": false,
      ""DrugGroupEraMediumTerm"": false,
      ""ProcedureOccurrenceShortTerm"": false,
      ""ObservationMediumTerm"": false,
      ""ConditionGroupEraAnyTimePrior"": true,
      ""Chads2"": false,
      ""DrugExposureAnyTimePrior"": true,
      ""DeviceExposureLongTerm"": false,
      ""DemographicsTimeInCohort"": false,
      ""DistinctMeasurementCountMediumTerm"": false,
      ""MeasurementValueShortTerm"": false,
      ""DeviceExposureMediumTerm"": false,
      ""ConditionGroupEraStartShortTerm"": false,
      ""ConditionOccurrencePrimaryInpatientMediumTerm"": false,
      ""MeasurementLongTerm"": false,
      ""DemographicsIndexYear"": true,
      ""MeasurementValueMediumTerm"": false,
      ""DrugEraStartMediumTerm"": false,
      ""MeasurementValueAnyTimePrior"": false,
      ""DistinctObservationCountShortTerm"": false,
      ""DrugEraMediumTerm"": false,
      ""ConditionGroupEraLongTerm"": false,
      ""DrugExposureShortTerm"": false,
      ""DistinctIngredientCountShortTerm"": false,
      ""DeviceExposureShortTerm"": false,
      ""mediumTermStartDays"": -180,
      ""DemographicsPostObservationTime"": false,
      ""VisitConceptCountLongTerm"": false,
      ""VisitConceptCountMediumTerm"": false,
      ""excludedCovariateConceptIds"": [],
      ""ConditionGroupEraMediumTerm"": false,
      ""DrugExposureMediumTerm"": false,
      ""DistinctProcedureCountLongTerm"": false,
      ""DrugEraAnyTimePrior"": false,
      ""endDays"": -1,
      ""ConditionOccurrenceShortTerm"": false,
      ""attr_class"": ""covariateSettings"",
      ""attr_fun"": ""getDbDefaultCovariateData""
    },
    ""studyStartDate"": null,
    ""washoutPeriod"": 1,
    ""firstExposureOnly"": true,
    ""studyEndDate"": null,
    ""attr_class"": ""args""
  },
  ""trimByPs"": false,
  ""createStudyPopArgs"": {
    ""restrictToCommonPeriod"": false,
    ""removeDuplicateSubjects"": ""keep all"",
    ""minDaysAtRisk"": 1,
    ""addExposureDaysToStart"": false,
    ""riskWindowStart"": 1,
    ""washoutPeriod"": 0,
    ""censorAtNewRiskWindow"": true,
    ""addExposureDaysToEnd"": false,
    ""priorOutcomeLookback"": 99999,
    ""removeSubjectsWithPriorOutcome"": false,
    ""riskWindowEnd"": 30,
    ""firstExposureOnly"": false,
    ""attr_class"": ""args""
  },
  ""description"": ""psm 30d"",
  ""trimByPsArgs"": {
    ""trimFraction"": 0.05,
    ""attr_class"": ""args""
  },
  ""targetType"": null,
  ""stratifyByPs"": false,
  ""stratifyByPsAndCovariates"": false,
  ""matchOnPsAndCovariatesArgs"": {
    ""caliper"": 0.2,
    ""caliperScale"": ""standardized logit"",
    ""maxRatio"": 1,
    ""covariateIds"": [],
    ""attr_class"": ""args""
  },
  ""trimByPsToEquipoise"": false,
  ""matchOnPs"": true,
  ""stratifyByPsAndCovariatesArgs"": {
    ""baseSelection"": ""all"",
    ""covariateIds"": [],
    ""numberOfStrata"": 5,
    ""attr_class"": ""args""
  },
  ""matchOnPsArgs"": {
    ""caliper"": 0.2,
    ""caliperScale"": ""standardized logit"",
    ""maxRatio"": 1,
    ""stratificationColumns"": [],
    ""attr_class"": ""args""
  },
  ""stratifyByPsArgs"": {
    ""baseSelection"": ""all"",
    ""numberOfStrata"": 5,
    ""stratificationColumns"": [],
    ""attr_class"": ""args""
  },
  ""matchOnPsAndCovariates"": false,
  ""analysisId"": 6,
  ""createPsArgs"": {
    ""stopOnError"": false,
    ""excludeCovariateIds"": [],
    ""prior"": {
      ""variance"": 1,
      ""useCrossValidation"": true,
      ""priorType"": ""laplace"",
      ""exclude"": 0,
      ""neighborhood"": null,
      ""forceIntercept"": false,
      ""graph"": null,
      ""attr_class"": ""cyclopsPrior""
    },
    ""errorOnHighCorrelation"": false,
    ""control"": {
      ""maxIterations"": 1000,
      ""autoSearch"": true,
      ""seed"": null,
      ""initialBound"": 2,
      ""gridSteps"": 10,
      ""threads"": 1,
      ""startingVariance"": 0.01,
      ""useKKTSwindle"": false,
      ""lowerLimit"": 0.01,
      ""cvRepetitions"": 10,
      ""noiseLevel"": ""silent"",
      ""fold"": 10,
      ""minCVData"": 100,
      ""resetCoefficients"": false,
      ""upperLimit"": 20,
      ""cvType"": ""auto"",
      ""selectorType"": ""auto"",
      ""convergenceType"": ""gradient"",
      ""tuneSwindle"": 10,
      ""maxBoundCount"": 5,
      ""tolerance"": 2e-07,
      ""algorithm"": ""ccd"",
      ""attr_class"": ""cyclopsControl""
    },
    ""includeCovariateIds"": [],
    ""maxCohortSizeForFitting"": 250000,
    ""attr_class"": ""args""
  },
  ""trimByPsToEquipoiseArgs"": {
    ""bounds"": [0.25, 0.75],
    ""attr_class"": ""args""
  },
  ""fitOutcomeModelArgs"": {
    ""excludeCovariateIds"": [],
    ""useCovariates"": false,
    ""prior"": {
      ""variance"": 1,
      ""useCrossValidation"": true,
      ""priorType"": ""laplace"",
      ""exclude"": 0,
      ""neighborhood"": null,
      ""forceIntercept"": false,
      ""graph"": null,
      ""attr_class"": ""cyclopsPrior""
    },
    ""inversePtWeighting"": false,
    ""control"": {
      ""maxIterations"": 1000,
      ""autoSearch"": true,
      ""seed"": null,
      ""initialBound"": 2,
      ""gridSteps"": 10,
      ""threads"": 1,
      ""startingVariance"": 0.01,
      ""useKKTSwindle"": false,
      ""lowerLimit"": 0.01,
      ""cvRepetitions"": 10,
      ""noiseLevel"": ""quiet"",
      ""fold"": 10,
      ""minCVData"": 100,
      ""resetCoefficients"": false,
      ""upperLimit"": 20,
      ""cvType"": ""auto"",
      ""selectorType"": ""auto"",
      ""convergenceType"": ""gradient"",
      ""tuneSwindle"": 10,
      ""maxBoundCount"": 5,
      ""tolerance"": 2e-07,
      ""algorithm"": ""ccd"",
      ""attr_class"": ""cyclopsControl""
    },
    ""modelType"": ""cox"",
    ""stratified"": true,
    ""interactionCovariateIds"": [],
    ""includeCovariateIds"": [],
    ""attr_class"": ""args""
  },
  ""createPs"": true,
  ""attr_class"": ""cmAnalysis""
}
"
